Model,Property,power,Official Price,Market Price
Hyundai Tucson 2023,A/T / COLLECTOR,1600 CC Turbo,error Car not available,
Lotus Emeya 2024,Automtic,0 CC Turbo,error Car not available,
Hyundai Tucson 2023,A/T / Shadow,1600 CC Turbo,error Car not available,
Hyundai Tucson 2024,A/T / Shadow,1600 CC Turbo,error Car not available,"1,750,000 EGP To 2,050,000 EGP"
Lotus Eletre 2024,Automtic,0 CC Turbo,error Car not available,
Hyundai Tucson 2023,A/T / Blaze,1600 CC Turbo,error Car not available,
Hyundai Tucson 2023,A/T / Redine,1600 CC Turbo,error Car not available,
Hyundai Tucson 2023,A/T / NIGHT,1600 CC Turbo,error Car not available,
Hyundai Tucson 2023,A/T / MID-NIGHT,1600 CC Turbo,error Car not available,
Hyundai Tucson 2023,A/T / BLACK DIAMOND,1600 CC Turbo,error Car not available,
Haval H6 2023,A/T / Top Line,1500 CC Turbo,error Car not available,
Hyundai Tucson 2024,A/T / COLLECTOR,1600 CC Turbo,error Car not available,"1,950,001 EGP To 3,200,001 EGP"
Haval H6 2023,A/T / Standard,1500 CC Turbo,error Car not available,
Hyundai Elantra CN7 2024,A/T / Shadow,1600 CC,error Car not available,
Haval Jolion 2023,A/T / Deluxe,1500 CC Turbo,error Car not available,
Hyundai Tucson 2024,A/T / Blaze,1600 CC Turbo,error Car not available,"1,850,001 EGP To 2,400,001 EGP"
Hyundai Elantra CN7 2024,A/T / Blaze,1600 CC,error Car not available,
Haval Jolion 2023,A/T / Deluxe SR,1500 CC Turbo,error Car not available,"1,360,000 EGP To 1,550,000 EGP"
Hyundai Tucson 2024,A/T / Redine,1600 CC Turbo,error Car not available,"2,350,001 EGP"
Hyundai Elantra CN7 2024,A/T / Redline,1600 CC,error Car not available,
Haval H6 2023,A/T / Standard,1500 CC Turbo,error Car not available,
Haval Jolion 2023,A/T / High Deluxe,1500 CC Turbo,error Car not available,"1,450,000 EGP"
Hyundai Tucson 2024,A/T / NIGHT,1600 CC Turbo,error Car not available,"2,250,001 EGP To 2,800,001 EGP"
Hyundai Elantra CN7 2024,A/T / BLACK DIAMOND,1600 CC,error Car not available,
Haval H6 2023,A/T / Deluxe SR,1500 CC Turbo,error Car not available,
Hyundai Tucson 2024,A/T / MID-NIGHT,1600 CC Turbo,error Car not available,"2,150,001 EGP To 2,400,001 EGP"
BMW 520 2024,Automtic,1600 CC Turbo,error Car not available,
Haval H6 2023,A/T / Deluxe,1500 CC Turbo,error Car not available,
Hyundai Tucson 2024,A/T / BLACK DIAMOND,1600 CC Turbo,error Car not available,"2,950,001 EGP To 3,250,001 EGP"
BMW 530 2024,Automtic,2000 CC Turbo,error Car not available,
Lada Granta 2023,manual‏ / salon,1600 CC Turbo,error Car not available,"400,000 EGP To 580,000 EGP"
Lada Granta 2023,A/T / E1,1600 CC,error Car not available,"385,000 EGP To 650,000 EGP"
Changan Alsvin 2022,A/T / L2,1500 CC,"375,000 EGP",
Byd F3 2023,Manual,1500 CC,error Car not available,
Byd L3 2023,Automatic,1500 CC,error Car not available,
Nissan Juke 2022,A/T / Accenta Grade,1000 CC Turbo,error Car not available,
Chery Arrizo 5 2023,Manual / Base Line / Leather,1500 CC,"470,000 EGP",
Byd F3 2023,Automtic / Full Option,1500 CC,error Car not available,"695,000 EGP"
Chery Arrizo 5 2023,AT / BASELINE Leather / CVT,1500 CC,"515,000 EGP",
Toyota Rush 2023,A/T / F/O,1500 CC,error Car not available,
Chery Arrizo 5 2023,AT / HIGHLINE,1500 CC,"540,000 EGP",
Chevrolet Optra 2023,A/T / Luxury w Accessories,1500 CC,"541,500 EGP","660,000 EGP To 1,100,000 EGP"
Suzuki S Presso 2024,Automtic,1000 CC,"549,900 EGP","585,000 EGP"
Ds DS3 2021,A/T / OPERA,1200 CC Turbo,error Car not available,
Toyota Rush 2023,A/T / Highline,1500 CC,error Car not available,
Hyundai Accent RB 2023,A/T / TINTED GLASS,1600 CC,"565,000 EGP",
Soueast DX3 2023,Automtic,1500 CC Turbo,"575,000 EGP",
Hyundai Accent RB 2023,A/T / SR TINTED GLASS,1600 CC,"575,000 EGP",
Hyundai Accent RB 2023,A/T / DAB ABS TINTED GLASS,1600 CC,"590,000 EGP",
Byd F3 2024,Manual,1500 CC,"590,000 EGP","620,000 EGP"
Hyundai Accent RB 2023,A/T / DAB ABS PLUS TINTED GLASS,1600 CC,"605,000 EGP",
Mitsubishi Attrage 2023,A/T / Highline,1200 CC,"610,000 EGP",
Hyundai Accent RB 2023,A/T / Highline TINTED GLASS,1600 CC,"615,000 EGP",
Chery Tiggo 3 2023,Automtic / Tinted Glass,1600 CC,"615,000 EGP",
Renault Sandero 2023,A/T / Dynamic,1600 CC,error Car not available,
Mitsubishi Mirage 2023,A/T / Highline,1200 CC,"625,000 EGP",
Renault Sandero Step Way 2023,A/T / SW,1600 CC,error Car not available,
DFSK 330S 2022,manual‏ / High line,1250 CC,"640,000 EGP",
Toyota Belta 2023,A/T / Active,1500 CC,"640,000 EGP",
Renault Sandero Step Way 2023,A/T / SW Screen,1600 CC,error Car not available,
Suzuki Swift Dzire 2024,A/T / GLX Screen,1200 CC,"669,000 EGP",
Jetour X95 2022,A/T / Highline,1600 CC Turbo,error Car not available,
Peugeot 301 2023,A/T / Active,1600 CC,"669,990 EGP",
DFSK 330S 2022,M/T Highline,1500 CC,"670,000 EGP",
Citroën C Elysee 2023,A/T / Comfort,1600 CC,"674,000 EGP",
Toyota Rumion 2023,A/T / Active,1500 CC,"675,000 EGP",
Hyundai Elantra HD 2023,Automatic / GL / TINTED GLASS,1600 CC,"675,000 EGP",
Byd F3 2024,Automtic / Full Option,1500 CC,"680,000 EGP",
Hyundai Elantra HD 2023,Automatic / GL / SR / TINTED GLASS,1600 CC,"685,000 EGP",
Toyota Belta 2023,A/T / Smart,1500 CC,"695,000 EGP",
DFSK 330S 2022,M/T / TOPLINE,1500 CC,"695,000 EGP",
Nissan Sunny 2024,Manual‏ / Baseline,1500 CC,"695,400 EGP","700,000 EGP"
Soueast A5 2023,Automtic,1500 CC,"699,000 EGP",
Peugeot 301 2023,A/T / Allure,1600 CC,"699,990 EGP",
Skoda Fabia 2023,A/T / Dynamic,0 CC Turbo,"700,000 EGP",
Hyundai Elantra HD 2023,Automatic / GL / DAB / ABS / Tinted glass,1600 CC,"700,000 EGP",
Suzuki Swift 2024,Automatic /without screen,1200 CC,"704,900 EGP",
Hyundai Elantra HD 2023,A/T / HIGHLINE TINTED GLASS 15,1600 CC,"710,000 EGP",
Toyota Rumion 2023,A/T / GLX,1500 CC,"715,000 EGP",
Suzuki Swift 2024,Automatic / screen,1200 CC,"724,900 EGP",
Hyundai Elantra HD 2024,Automatic / GL / TINTED GLASS,1600 CC,"725,000 EGP","880,000 EGP To 1,050,000 EGP"
Nissan Sunny 2024,Automatic / Baseline,1500 CC,"726,500 EGP","801,500 EGP"
Citroën C Elysee 2023,A/T / Luxury,1600 CC,"729,000 EGP",
Chery Tiggo 7 2023,A/T / Baseline,1500 CC Turbo,"735,000 EGP",
Hyundai Elantra HD 2024,Automatic / GL / SR / TINTED GLASS,1600 CC,"735,000 EGP","900,000 EGP To 1,040,000 EGP"
Toyota Corolla 2023,Manual‏ / Active,1600 CC,"740,000 EGP",
Chery Arrizo 5 2024,Manual / Base Line / Leather,1500 CC,"740,000 EGP","830,000 EGP"
Suzuki Swift 2024 Facelift,A/T / without screen (2ton),1200 CC,"744,900 EGP",
Nissan Sunny 2024,A/T / plus,1500 CC,"747,000 EGP","840,000 EGP"
Hyundai Elantra HD 2024,Automatic / GL / DAB / ABS / Tinted glass,1600 CC,"750,000 EGP","925,000 EGP To 1,055,000 EGP"
Nissan Sunny 2024,A/T / Super Saloon,1500 CC,"761,000 EGP","841,000 EGP"
Suzuki Swift 2024 Facelift,A/T / screen (2ton),1200 CC,"764,900 EGP",
Zotye T300 2024,manual‏,1500 CC,"774,900 EGP",
Soueast Dx7 prime 2023,A/T / Flagship,1500 CC Turbo,"777,000 EGP",
MG 5 2023,A/T / Standard,1500 CC,"779,990 EGP",
Chery Arrizo 5 2024,AT / BASELINE Leather,1500 CC,"785,000 EGP","850,000 EGP"
Skoda Fabia 2023,A/T / Ambition,0 CC Turbo,"785,000 EGP",
Chery Tiggo 7 2023,A/T / Highline,1500 CC Turbo,"795,000 EGP",
Jetour X70 2023,A/T / Comfort,1500 CC Turbo,"799,000 EGP",
Suzuki Ciaz 2024,A/T / GL,1500 CC,"809,900 EGP",
Chery Arrizo 5 2024,AT / HIGHLINE,1500 CC,"810,000 EGP","910,000 EGP"
Citroën C3 2023,A/T / Feel,1200 CC,"819,000 EGP",
MG 5 2023,A/T / Comfort,1500 CC,"819,990 EGP",
Nissan Sentra 2024,Automatic / Base,1600 CC,"821,000 EGP","950,000 EGP To 1,290,000 EGP"
Kaiyi X3 2023,A/T / Prestige,1500 CC,"825,000 EGP",
Fiat Tipo 2023,AT / entry grade,1600 CC,"825,000 EGP",
MG 5 2024,A/T / Standard,1500 CC,"830,000 EGP","930,000 EGP"
Toyota C-HR 2023,Automtic,1200 CC Turbo,error Car not available,
Jac S2 2024,A/T / Smart,1500 CC,"849,900 EGP",
Kaiyi X3 2023,A/T / FlagShip,1500 CC,"850,000 EGP",
Skoda Fabia 2023,A/T / MC,0 CC Turbo,"850,000 EGP",
Seat Ibiza 2023,A/T / Reference,1000 CC Turbo,"850,000 EGP",
Jetour X70 2023,A/T / Luxury,1500 CC Turbo,"859,000 EGP",
MG 5 2023,A/T / Luxury,1500 CC,"859,990 EGP",
Hyundai Accent RB 2024,A/T / TINTED GLASS,1600 CC,"860,000 EGP","1,160,000 EGP"
Changan CS 35 Plus 2024,A/T / ELITE,1400 CC Turbo,"860,000 EGP","1,275,000 EGP"
Soueast DX5 2024,A/T / Top Line,1500 CC Turbo,"860,000 EGP",
Bestune T33 2023,A/T / Luxury,1600 CC,"870,000 EGP",
Suzuki Ciaz 2024,A/T / GLX,1500 CC,"874,900 EGP",
Dongfeng Aeolus A30 2023,A/T,1500 CC Turbo,"875,000 EGP",
Toyota Corolla 2023,Automatic / Active,1600 CC,"875,000 EGP",
Kaiyi X3 Pro 2023,A/T / FLAGSHIP,1500 CC Turbo,"875,000 EGP",
Baic X5 2023,Automtic,1500 CC Turbo,error Car not available,
Citroën C Elysee 2024,A/T / Comfort,1600 CC,"890,000 EGP",
Hyundai Accent RB 2024,A/T / SR TINTED GLASS,1600 CC,"890,000 EGP","1,000,000 EGP"
Hyundai Elantra HD 2024,A/T / HIGHLINE TINTED GLASS 15,1600 CC,"890,000 EGP","970,000 EGP To 1,190,000 EGP"
Leapmotor T03 2023,Automtic,0 CC,"893,000 EGP",
Suzuki Ciaz 2024,A/T / GLX B/L Roof,1500 CC,"899,900 EGP",
Suzuki Vitara 2023,A/T / One tone,1600 CC,"899,900 EGP",
Opel Corsa 2023,A/T / Elegance,1200 CC Turbo,"899,990 EGP",
MG ZS 2023,Automatic / Comfort,1500 CC,"899,990 EGP","1,350,000 EGP"
MG 5 2024,A/T / Luxury,1500 CC,"900,000 EGP","1,000,000 EGP"
Baic X3 2023,A/T / Luxury,1500 CC,error Car not available,"950,000 EGP"
Toyota Corolla 2023,Automtic / GR,1600 CC,"900,000 EGP",
Fiat 500 2023,A/T / PANORAMA,1400 CC,"900,000 EGP",
Geely Cool Ray 2023,A/T / Comfort,1500 CC Turbo,"900,000 EGP",
Suzuki Vitara 2023,A/T / Two tone,1600 CC,"909,900 EGP",
Fiat Tipo 2023,A/T / HB / entry grade,1600 CC,"910,000 EGP",
Fiat Tipo 2023,A/T / MIDE GRADE,1600 CC,"910,000 EGP",
Changan CS 35 Plus 2024,A/T / PREMIUM,1400 CC Turbo,"910,000 EGP","1,375,000 EGP"
Hyundai Accent RB 2024,A/T / DAB ABS TINTED GLASS,1600 CC,"915,000 EGP","1,215,000 EGP"
Mitsubishi Attrage 2024,A/T / Highline,1200 CC,"915,000 EGP",
MG ZS 2023,Automatic / Comfort / ACC,1500 CC,"919,990 EGP",
Toyota Corolla 2023,Automatic / Comfort,1600 CC,"920,000 EGP",
Bestune T33 2023,A/T / Premium,1600 CC,"924,000 EGP",
Kaiyi X3 Pro 2023,A/T / Luxury,1500 CC,"925,000 EGP",
Renault Taliant 2024,A/T / Evolution,1000 CC Turbo,"925,000 EGP",
Citroën C3 2023,A/T / Shine,1200 CC,"929,000 EGP",
Mitsubishi Mirage 2024,A/T / Highline,1200 CC,"930,000 EGP",
Hyundai Accent RB 2024,A/T / DAB ABS PLUS TINTED GLASS,1600 CC,"930,000 EGP","1,130,000 EGP"
Suzuki Baleno 2023,Automtic,1400 CC,"934,900 EGP","1,175,000 EGP"
MG ZS 2023,A/T / Luxury,1500 CC,"939,990 EGP",
Opel Corsa 2023,A/T / Top line Plus,1200 CC Turbo,"949,990 EGP",
Opel Crossland 2023,A/T / Elegance,1200 CC Turbo,"949,990 EGP",
Fiat 500C 2023,A/T / CABRIO,1400 CC,"950,000 EGP",
Toyota Corolla 2023,Automtic / SMART,1600 CC,"950,000 EGP",
Chery Tiggo 7 pro 2022,A/T / Comfort,1500 CC Turbo,"950,000 EGP",
Fiat Tipo 2023,A/T / Highline,1600 CC,"950,000 EGP",
Chery Tiggo 3 2024,Automtic / Tinted Glass,1600 CC,"955,000 EGP","1,035,000 EGP"
Citroën C3 Aircross 2023 Facelift,A/T / Feel,1200 CC Turbo,"959,000 EGP",
Citroën C Elysee 2024,A/T / Luxury,1600 CC,"960,000 EGP",
Jetour Dashing 2023,A/T / Comfort,1500 CC Turbo,"969,000 EGP",
Hyundai Accent RB 2024,A/T / Highline TINTED GLASS,1600 CC,"970,000 EGP","1,270,000 EGP"
Toyota Corolla 2023,Automatic / SMART / Sun Roof,1600 CC,"970,000 EGP",
MG ZS 2024,Automatic / Comfort,1500 CC,"975,000 EGP","1,150,000 EGP"
Seat Ibiza 2023,A/T / FR,1000 CC Turbo,"975,000 EGP",
Fiat Tipo 2023,A/T / HB / Highline,1600 CC,"975,000 EGP",
Changan CS 35 Plus 2024,A/T / FLAGSHIP,1400 CC Turbo,"980,000 EGP","1,450,000 EGP"
Suzuki Jimny 2023,A/T / One tone,1500 CC,"984,900 EGP",
Jetour X70 Plus 2023,A/T / Luxury,1500 CC Turbo,"989,000 EGP",
Soueast DX7 NOVA 2024,A/T / Highline,1500 CC Turbo,"989,900 EGP",
Suzuki Jimny 2023,A/T / Two tone,1500 CC,"994,900 EGP",
Nissan Sentra 2024,Automatic / upper,1600 CC,"999,000 EGP","1,188,500 EGP"
Seat Arona 2023,Automatic / Experience,1000 CC Turbo,"999,000 EGP",
Zotye T300 2024,Automtic,1500 CC Turbo,"999,000 EGP",
Geely GX3 Pro 2024,Automtic / (Abou Ghaly),1500 CC,"999,900 EGP",
Geely GX3 Pro 2024,A/T / Premium (AUTO MOBILITY),1500 CC,"999,900 EGP",
MG ZS 2024,Automatic / Comfort / ACC,1500 CC,"1,000,000 EGP","1,345,000 EGP"
Chery Tiggo 7 pro 2024,A/T / Comfort,1500 CC Turbo,"1,000,000 EGP","1,455,000 EGP To 1,800,000 EGP"
Geely Cool Ray 2024,A/T / Comfort / (Abou Ghaly),1500 CC Turbo,"1,012,900 EGP",
Changan CS55 Plus 2024,A/T / Elite,1500 CC Turbo,"1,015,000 EGP","1,625,000 EGP"
Jac JS3 2024,A/T / Top Line,1600 CC,"1,018,900 EGP",
Geely Cool Ray 2023,A/T / Premium,1500 CC Turbo,"1,019,000 EGP",
Opel Crossland 2023,A/T / Top Line,1200 CC Turbo,"1,019,990 EGP",
MG ZS 2024,A/T / Luxury,1500 CC,"1,020,000 EGP","1,530,000 EGP"
Chery Tiggo 7 pro 2022,A/T / Luxury,1500 CC Turbo,"1,020,000 EGP",
Suzuki Ertiga 2024,A/T / GLX,1500 CC,"1,024,900 EGP",
Renault Taliant 2024,A/T / Techno,1000 CC Turbo,"1,025,000 EGP",
Geely Cool Ray 2023,A/T / Premium / black,1500 CC Turbo,"1,029,000 EGP",
Toyota Corolla 2023,Automatic / Elgance,1600 CC,"1,034,000 EGP",
Jetour Dashing 2023,A/T / Luxury,1500 CC Turbo,"1,039,000 EGP",
Fiat Tipo 2024,A/T / Base,1600 CC,"1,050,000 EGP",
Bestune B70 2023,A/T / Standard,1500 CC Turbo,"1,050,000 EGP",
Citroën C3 2024,A/T / Feel,1200 CC,"1,055,000 EGP",
Citroën C3 Aircross 2023 Facelift,A/T / Shine,1200 CC Turbo,"1,059,000 EGP",
MG 6 2023,A/T / LUX / Black interior,1500 CC Turbo,"1,059,990 EGP",
Bestune T55 2023,A/T / DELUXE,1500 CC Turbo,"1,064,000 EGP",
Peugeot 2008 2023,A/T / ACTIVE,1200 CC Turbo,"1,069,990 EGP",
Bestune T77 Pro 2023,A/T / Comfort,1500 CC Turbo,"1,070,000 EGP",
MG 6 2023,A/T / LUX / Red Interior,1500 CC Turbo,"1,084,990 EGP",
Jac JS4 2024,A/T / Deluxe,1500 CC Turbo,"1,089,900 EGP",
Changan CS55 Plus 2024,A/T / Premium,1500 CC Turbo,"1,090,000 EGP","1,350,000 EGP"
Peugeot 301 2024,A/T / Active,1600 CC,error Car not available,
Chery Tiggo 7 pro 2024,A/T / Luxury,1500 CC Turbo,"1,100,000 EGP","1,900,000 EGP To 1,925,000 EGP"
Skoda Kamiq 2023,A/T / Ambition,1600 CC,"1,100,000 EGP",
Audi Q2 2023,A/T / ADVANCED,1400 CC Turbo,error Car not available,
DFSK Eagle pro 2022,Automtic / Black interior,1500 CC Turbo,"1,100,000 EGP",
Jaguar XE 2021,A/T / R Sport,2000 CC Turbo,error Car not available,
Mitsubishi Xpander 2023,Automatic / Midline,1500 CC,"1,100,000 EGP",
Bestune T55 2024,A/T / DELUXE,1500 CC Turbo,"1,105,000 EGP",
Renault Duster 2023,A/T / Vision,1600 CC,"1,110,000 EGP",
Forthing T5 evo 2023,Automtic / luxury,1500 CC Turbo,"1,110,000 EGP",
Bestune T77 Pro 2024,A/T / Comfort,1500 CC Turbo,"1,115,000 EGP",
Jac J7 2024,A/T / Deluxe,1500 CC Turbo,"1,119,900 EGP",
Citroën C4 2023,A/T / Feel,1200 CC Turbo,"1,120,000 EGP",
Bestune T55 2023,A/T / PREMIUM,1500 CC Turbo,"1,120,000 EGP",
Changan UNI-T 2024,A/T / Elite,1500 CC Turbo,"1,125,000 EGP",
Chery Tiggo 7 2024,A/T / Baseline,1500 CC Turbo,"1,125,000 EGP","1,425,000 EGP"
Chery Tiggo 8 Pro 2023,AT-6DCT COMFORT,1600 CC Turbo,"1,135,000 EGP",
Changan CS55 Plus 2024,A/T / Flagship,1500 CC Turbo,"1,140,000 EGP","1,525,000 EGP"
Bestune B70 2024,A/T / Standard,1500 CC Turbo,"1,145,000 EGP",
Peugeot 2008 2023,A/T / ALLURE,1200 CC Turbo,"1,149,990 EGP",
Opel Mokka 2023,A/T / Elegance,1200 CC Turbo,"1,149,990 EGP",
Peugeot 301 2024,A/T / Allure,1600 CC,error Car not available,
Bestune B70 2023,A/T / Comfort,1500 CC Turbo,"1,160,000 EGP",
Mitsubishi Xpander 2023,Automatic / HL,1500 CC,"1,160,000 EGP",
Bestune T77 Pro 2023,A/T / Deluxe,1500 CC Turbo,"1,160,000 EGP",
Bestune T55 2024,A/T / PREMIUM,1500 CC Turbo,"1,165,000 EGP",
Geely Cool Ray 2024,A/T / Premium /(Abou Ghaly),1500 CC Turbo,"1,166,900 EGP",
Jac J7 2024,A/T / Ultimate,1500 CC Turbo,"1,169,900 EGP",
Kia Sportage 2023,A/T / LX,1600 CC Turbo,"1,169,900 EGP",
GAC Empow 2024,A/T / GS,1500 CC Turbo,"1,170,000 EGP",
Citroën C4X 2023,Automatic / Feel,1200 CC Turbo,"1,170,000 EGP",
GAC GS3 Emzoom 2024,Automtic /GS,1500 CC Turbo,"1,180,000 EGP",
Jetour X70 2024,A/T / Comfort,1500 CC Turbo,"1,184,000 EGP","1,234,000 EGP"
Chery Tiggo 7 2024,A/T / Highline,1500 CC Turbo,"1,185,000 EGP","1,500,000 EGP"
Dongfeng A30 Shine 2024,A/T / SHINE -Limited Edition,1500 CC Turbo,"1,185,000 EGP",
Geely Cool Ray 2024,A/T / Premium / black / (Abou Ghaly),1500 CC Turbo,"1,188,900 EGP",
Jetour X90 Plus 2023,A/T / Luxury,1600 CC Turbo,"1,189,000 EGP",
Citroën C3 2024,A/T / Shine,1200 CC,"1,190,000 EGP",
Vgv U70 Pro 2024,Automtic,1500 CC Turbo,"1,195,000 EGP",
Dongfeng E70 PRO 2023,A/T,0 CC,"1,195,000 EGP",
Soueast DX8S Coupe 2024,A/T / Active,1500 CC Turbo,"1,199,000 EGP",
Fiat 500 X 2023,A/T / Cross,1400 CC Turbo,"1,200,000 EGP",
Changan UNI-T 2024,A/T / Premium,1500 CC Turbo,"1,200,000 EGP",
Mitsubishi Eclipse Cross 2023,A/T / Insport GLX,1500 CC Turbo,"1,200,000 EGP",
Bestune T55 2023,A/T / PREMIUM PLUS,1500 CC Turbo,"1,200,000 EGP",
Bestune T77 Pro 2024,A/T / Deluxe,1500 CC Turbo,"1,205,000 EGP",
Chery Tiggo 8 Pro 2023,A/T / Luxury,1600 CC Turbo,"1,210,000 EGP",
Bestune B70 2024,A/T / Comfort,1500 CC Turbo,"1,210,000 EGP",
Forthing T5 evo 2023,Automatic / Exclusive / NABA,1500 CC Turbo,"1,210,000 EGP",
GAC GS3 Emzoom 2024,Automtic /GS / MATT/G/G,1500 CC Turbo,"1,210,000 EGP",
Kia Grand Cerato 2023,A/T / LX FO,1600 CC,"1,219,900 EGP","1,350,000 EGP"
Peugeot 2008 2023,A/T / GT LINE,1200 CC Turbo,"1,219,990 EGP",
MG 6 2024,A/T / LUX / Black interior,1500 CC Turbo,"1,220,000 EGP","1,350,000 EGP To 1,615,000 EGP"
Bestune B70 2023,A/T / Deluxe,1500 CC Turbo,"1,224,000 EGP",
Citroën C4 2023,A/T / Shine Red interior,1200 CC Turbo,"1,225,000 EGP",
Citroën C3 Aircross 2024 Facelift,A/T / Feel,1200 CC Turbo,"1,225,000 EGP",
Chery Tiggo 8 Pro 2024,AT-6DCT COMFORT,1600 CC Turbo,"1,225,000 EGP","1,600,000 EGP To 1,830,000 EGP"
Fiat Tipo 2024,A/T / Highline,1600 CC,"1,225,000 EGP",
Bestune T77 Pro 2023,A/T / Premium,1500 CC Turbo,"1,240,000 EGP",
Bestune T55 2024,A/T / PREMIUM PLUS,1500 CC Turbo,"1,245,000 EGP",
Opel Mokka 2023,A/T / GS Line,1200 CC Turbo,"1,249,990 EGP",
Baic X3 2024,A/T / Luxury,1500 CC,error Car not available,
GAC GS3 Emzoom 2024,Automtic /GB,1500 CC Turbo,"1,250,000 EGP",
GAC GS4 2024,Automtic /GS,1500 CC Turbo,"1,250,000 EGP",
MG 6 2024,A/T / LUX / Red Interior,1500 CC Turbo,"1,250,000 EGP","1,400,000 EGP To 1,875,010 EGP"
Jetour X70 2024,A/T / Luxury,1500 CC Turbo,"1,254,000 EGP","1,314,000 EGP"
Peugeot 508 2023,A/T / Active Pack,1600 CC Turbo,"1,259,990 EGP",
Mitsubishi Eclipse Cross 2023,A/T / Inspire GLS,1500 CC Turbo,"1,265,000 EGP","1,575,000 EGP"
Bestune B70 2024,A/T / Deluxe,1500 CC Turbo,"1,275,000 EGP",
Chery Tiggo 8 Pro 2023,Automatic / Flagship,1600 CC Turbo,"1,275,000 EGP",
Seat Leon 2023,A/T / FR,1400 CC Turbo,"1,275,000 EGP",
Toyota Corolla 2023,A/T / High Line / Hybrid,1800 CC,"1,275,000 EGP",
Kia Sportage 2023,A/T / EX,1600 CC Turbo,"1,279,900 EGP",
Kia Grand Cerato 2023,A/T / EX Cam,1600 CC,"1,279,900 EGP",
GAC GS3 Emzoom 2024,A/T / GB / MATT / G / G,1500 CC Turbo,"1,280,000 EGP",
Bestune T77 Pro 2024,A/T / Premium,1500 CC Turbo,"1,285,000 EGP",
Geely Geometry C 2023,A/T / EV 400,0 CC,"1,288,000 EGP",
Volkswagen Golf 2023,A/T / Life,1400 CC Turbo,"1,290,000 EGP",
Changan UNI-T 2024,A/T / Flagship,1500 CC Turbo,"1,290,000 EGP","1,950,000 EGP"
Citroën C4X 2023,Automatic / Shine,1200 CC Turbo,"1,290,000 EGP",
Renault Megane 2023,A/T / Vision,1600 CC,"1,290,000 EGP",
Renault Duster 2023,A/T / Signature,1600 CC,"1,290,000 EGP","1,310,000 EGP To 1,800,000 EGP"
Audi A3 2023,A/T / Advanced,1400 CC Turbo,error Car not available,
Geely Okavango 2023,A/T / Premium,1500 CC Turbo,"1,300,000 EGP",
Ds DS7 2022,A/T / Performance plus,1600 CC Turbo,"1,300,000 EGP",
GAC GS4 2024,Automtic /GB,1500 CC Turbo,"1,300,000 EGP",
Fiat 500 X 2023,A/T / Panorama,1400 CC Turbo,"1,300,000 EGP",
Chery Tiggo 8 Pro 2024,A/T / Luxury,1600 CC Turbo,"1,300,000 EGP","1,780,000 EGP To 1,950,000 EGP"
GAC Empow 2024,A/T / GB,1500 CC Turbo,"1,310,000 EGP",
Bestune B70 2023,A/T / Premium,1500 CC Turbo,"1,320,000 EGP",
GAC GS3 Emzoom 2024,Automatic / GL,1500 CC Turbo,"1,320,000 EGP",
Bestune B70S 2023,A/T / Deluxe,1500 CC Turbo,"1,325,000 EGP",
Mitsubishi Eclipse Cross 2023,A/T / Instyle GLS,1500 CC Turbo,"1,325,000 EGP",
MG RX5 Plus 2023,A/T / Comfort,1500 CC Turbo,"1,330,000 EGP",
Chery Tiggo 8 2024,A/T / Comfort,1500 CC Turbo,"1,335,000 EGP","1,485,000 EGP"
Kia Grand Cerato 2023,A/T / Highline,1600 CC,"1,339,900 EGP",
Citroën C5 Aircross 2023 Facelift,A/T / Live,1600 CC Turbo,"1,340,000 EGP",
Nissan Qashqai 2024,A/T / VISIA,1300 CC Turbo,"1,341,500 EGP",
Nissan Qashqai 2024,AT / VISIA 2T,1300 CC Turbo,"1,346,500 EGP",
Geely Cool Ray 2024 Facelift,A/T / Full option / (Abou Ghaly),1500 CC Turbo,"1,349,900 EGP",
Geely Cool Ray 2024 Facelift,A/T / Comfort ( AUTO MOBILITY),1500 CC Turbo,"1,349,900 EGP",
Skoda Octavia A8 2023,A/T / Ambition,1400 CC Turbo,"1,350,000 EGP",
Suzuki Fronx 2024,A/T / GL,1500 CC,"1,350,000 EGP",
Audi Q2 2023,A/T / S Line,1400 CC Turbo,error Car not available,
GAC GS3 Emzoom 2024,A/T / GL / MATT / G / G,1500 CC Turbo,"1,350,000 EGP",
Seat Ibiza 2024,A/T / FR,1000 CC Turbo,"1,350,000 EGP",
Mini Cooper 2023,A/T / 3-Door Original,1500 CC Turbo,"1,350,000 EGP",
Fiat 500 X 2023,AT / cabrio,1400 CC Turbo,"1,350,000 EGP",
Citroën C3 Aircross 2024 Facelift,A/T / Shine,1200 CC Turbo,"1,370,000 EGP",
Chery Tiggo 8 Pro 2024,Automatic / Flagship,1600 CC Turbo,"1,375,000 EGP","2,100,000 EGP To 2,200,000 EGP"
Renault Megane 2023,A/T / Dynamic,1600 CC,"1,375,000 EGP","1,450,000 EGP"
KGM (ssangyong) Tivoli 2024,Automtic,1600 CC,"1,375,000 EGP",
Chery Tiggo 8 2024,A/T / Comfort 7 Seats,1500 CC Turbo,"1,385,000 EGP","1,600,000 EGP To 1,705,000 EGP"
Bestune B70S 2023,A/T / Premium,1500 CC Turbo,"1,385,000 EGP",
Geely Geometry C 2023,A/T / EV 550,0 CC,"1,388,000 EGP",
Ford Focus 2023,A/T / Trend 4d,1500 CC,"1,390,000 EGP",
GAC Empow 2024,A/T / GE S-Style,1500 CC Turbo,"1,390,000 EGP",
GAC GS4 2024,Automtic /Ge,1500 CC Turbo,"1,390,000 EGP",
MG RX5 Plus 2023,A/T / Luxury,1500 CC Turbo,"1,390,000 EGP",
Land Rover Discovery sport 2021,A/T / HSE,2000 CC Turbo,error Car not available,
Jaguar F-Pace 2021,A/T / P250 R Dynamic,2000 CC Turbo,error Car not available,
Jetour Dashing 2024,A/T / Comfort,1500 CC Turbo,"1,394,000 EGP","1,465,000 EGP"
Seat Arona 2024,A/T / Experience,1000 CC Turbo,"1,395,000 EGP",
Dongfeng Venucia Star 2023,Automtic,1500 CC Turbo,"1,395,000 EGP",
Mitsubishi Eclipse Cross 2023,A/T / GLX 4WD,1500 CC Turbo,"1,395,000 EGP",
KGM (ssangyong) Tivoli XLV 2024,Automtic,1600 CC,"1,400,000 EGP",
GAC Emkoo 2024,Automtic /Gs,1500 CC Turbo,"1,400,000 EGP",
Suzuki Fronx 2024,A/T / GL / 2 tone,1500 CC,"1,400,000 EGP",
Nissan Qashqai 2024,AT / ACCENTA,1300 CC Turbo,"1,406,500 EGP","1,870,000 EGP"
GAC GS3 Emzoom 2024,Automatic / RS Style,1500 CC Turbo,"1,410,000 EGP",
Chery Tiggo 8 2024,A/T / Luxury,1500 CC Turbo,"1,410,000 EGP","1,445,000 EGP To 1,650,000 EGP"
Nissan Qashqai 2024,AT / ACCENTA 2T,1300 CC Turbo,"1,411,500 EGP","1,905,000 EGP"
Peugeot 3008 2023,A/T / Active Pack,1600 CC Turbo,"1,414,990 EGP",
Citroën C4 2024,A/T / Feel,1200 CC Turbo,"1,415,000 EGP",
GAC Empow 2024,A/T / GE S-Style Matte,1500 CC Turbo,"1,420,000 EGP",
Ford Focus 2023,A/T / Connected 5d,1500 CC,"1,425,000 EGP",
Kia Sportage 2023,A/T / Highline,1600 CC Turbo,"1,429,900 EGP",
Renault Megane 2023,A/T / Signature / W/O,1600 CC,"1,430,000 EGP",
Geely Cool Ray 2024 Facelift,A/T / Premium ( AUTO MOBILITY),1500 CC Turbo,"1,434,900 EGP",
Geely Cool Ray 2024 Facelift,A/T / Highline / (Abou Ghaly),1500 CC Turbo,"1,434,900 EGP",
GAC GS3 Emzoom 2024,A/T / R_style / MATT / G / G,1500 CC Turbo,"1,440,000 EGP",
Mitsubishi Xpander 2024,Automatic / Midline,1500 CC,"1,440,000 EGP",
Renault Megane 2023,A/T / Signature / w,1600 CC,"1,440,000 EGP",
Jetour X70 Plus 2024,A/T / Luxury,1500 CC Turbo,"1,449,000 EGP","1,539,000 EGP"
Kia Grand Cerato 2024,A/T / LX FO,1600 CC,"1,449,900 EGP",
Opel Grandland 2023,A/T / Highline,1600 CC Turbo,"1,449,990 EGP",
Opel Crossland 2024,A/T / Top Line,1200 CC Turbo,"1,449,990 EGP","1,550,000 EGP"
Land Rover Range Rover Evoque 2021,A/T / SE,2000 CC Turbo,error Car not available,
Ford Focus 2023,A/T / Connected 4d,1500 CC,"1,450,000 EGP",
MG RX5 Plus 2024,A/T / Comfort,1500 CC Turbo,"1,450,000 EGP","1,550,000 EGP"
Seat Ateca 2023,A/T / Experience,1400 CC Turbo,"1,450,000 EGP",
Audi A3 2023,A/T / S-Line,1400 CC Turbo,error Car not available,
Audi A3 2023,A/T / Sport back,1400 CC Turbo,error Car not available,
Audi Q3 2023,A/T / Advanced,1400 CC Turbo,error Car not available,
Volkswagen T-Roc 2023,A/T / R-Line,1400 CC Turbo,"1,450,000 EGP",
Citroën C4X 2024,Automatic / Feel,1200 CC Turbo,"1,450,000 EGP",
Suzuki Fronx 2024,A/T / GLX,1500 CC,"1,450,000 EGP",
Renault Megane 2023,A/T / Dynamic Turbo,1300 CC Turbo,"1,450,000 EGP",
Bestune B70S 2023,A/T / Limousine,1500 CC Turbo,"1,455,000 EGP",
Chery Tiggo 8 2024,A/T / Luxury 7 Seats,1500 CC Turbo,"1,460,000 EGP","1,495,000 EGP To 1,700,000 EGP"
Ford Focus 2023,A/T / Titanium 5Dr,1500 CC,"1,465,000 EGP",
Citroën C5 Aircross 2023 Facelift,A/T / FEEL / with out sunroof,1600 CC Turbo,"1,465,000 EGP",
Mini Cooper 2023,A/T / 3-Door Iconic,1500 CC Turbo,"1,470,000 EGP",
Chevrolet Captiva 2024,A/T / LV3,1500 CC Turbo,"1,470,000 EGP","1,770,000 EGP"
Toyota Corolla 2024,Automatic / Active,1600 CC,"1,475,000 EGP","1,930,000 EGP"
Skoda Octavia A8 2023,A/T / Style,1400 CC Turbo,"1,475,000 EGP",
Fiat 500 X 2024,A/T / Cross,1400 CC Turbo,"1,475,000 EGP",
Nissan Qashqai 2024,AT / TEKNA,1300 CC Turbo,"1,477,500 EGP",
Nissan Qashqai 2024,AT / TEKNA 2T,1300 CC Turbo,"1,482,500 EGP",
Ford Focus 2023,A/T / Titanium 4d,1500 CC,"1,485,000 EGP",
Jaguar XF 2021,A/T / P250 R Dynamic AWD,2000 CC Turbo,error Car not available,
Jetour Dashing 2024,A/T / Luxury,1500 CC Turbo,"1,494,000 EGP","1,655,000 EGP"
GAC Emkoo 2024,Automtic /GB,1500 CC Turbo,"1,500,000 EGP",
Mitsubishi Xpander 2024,Automatic / HL,1500 CC,"1,500,000 EGP",
MG RX5 Plus 2024,A/T / Luxury,1500 CC Turbo,"1,500,000 EGP","1,710,000 EGP"
Mini Cooper 2023,A/T / 5Door Iconic,1500 CC Turbo,"1,500,000 EGP",
Suzuki Fronx 2024,A/T / GLX 2 Tone,1500 CC,"1,500,000 EGP",
Citroën C5 Aircross 2023 Facelift,A/T / Feel with sunroof,1600 CC Turbo,"1,515,000 EGP",
Chevrolet Captiva 2024,A/T / LV3 (7seats),1500 CC Turbo,"1,520,000 EGP","2,000,000 EGP"
Fiat 500 X 2024,A/T / Cross,1400 CC Turbo,"1,525,000 EGP",
Peugeot 508 2023,A/T / Allure Pack,1600 CC Turbo,"1,529,990 EGP",
Renault Megane 2023,A/T / Signature / Turbo / W/O / S/R,1300 CC Turbo,"1,530,000 EGP",
Mini Cooper 2023,A/T / 3-Door Resolute,1500 CC Turbo,"1,530,000 EGP",
Peugeot 3008 2023,A/T / Allure Pack,1600 CC Turbo,"1,534,990 EGP",
Kia Grand Cerato 2024,A/T / EX Cam,1600 CC,"1,549,900 EGP",
Opel Corsa 2024,A/T / Top line Plus,1200 CC Turbo,"1,549,990 EGP",
Skoda Octavia A8 2023,A/T / Style Plus,1400 CC Turbo,"1,550,000 EGP",
Ds Ds4 2023,A/T / Trocadero,1600 CC Turbo,"1,550,000 EGP",
Kia Sportage 2023,A/T / Top Line,1600 CC Turbo,"1,559,900 EGP",
Peugeot 408 2023,A/T / ALLURE PACK,1600 CC Turbo,"1,560,000 EGP",
Peugeot 5008 2023,A/T / Active Pack,1600 CC Turbo,"1,564,990 EGP",
Renault Megane 2023,A/T / Signature / Turbo / W/O,1300 CC Turbo,"1,580,000 EGP",
Geely Cool Ray 2024 Facelift,A/T / Sport (AUTO MOBILITY),1500 CC Turbo,"1,584,900 EGP",
Geely Cool Ray 2024 Facelift,A/T / Top Line / (Abou Ghaly),1500 CC Turbo,"1,584,900 EGP",
Renault Megane 2023,A/T / Signature Turbo,1300 CC Turbo,"1,590,000 EGP",
Land Rover Defender 2021,A/T / P300,2000 CC Turbo,error Car not available,
KGM (ssangyong) Torres 2024,Automtic /comfort,1500 CC Turbo,"1,599,000 EGP",
Opel Grandland 2023,A/T / Top Line,1600 CC Turbo,"1,599,990 EGP",
GAC Emkoo 2024,Automtic /GL,1500 CC Turbo,"1,600,000 EGP",
Mini Country man 2023,A/T / Original,1500 CC Turbo,"1,600,000 EGP",
Citroën C4 2024,A/T / Shine,1200 CC Turbo,"1,600,000 EGP",
Volkswagen Passat 2023,A/T / COMFORTLINE,1400 CC Turbo,error Car not available,
Audi Q3 2023,A/T / S-Line,1400 CC Turbo,error Car not available,
Citroën C5 Aircross 2023 Facelift,A/T / SHINE,1600 CC Turbo,"1,615,000 EGP",
Peugeot 2008 2024,A/T / ALLURE,1200 CC Turbo,"1,629,990 EGP",
Kia Sportage 2023,A/T / GT-Line,1600 CC Turbo,"1,639,900 EGP",
Toyota Corolla 2024,Automatic / Comfort,1600 CC,"1,640,000 EGP","2,195,000 EGP"
Citroën C4X 2024,Automatic / Shine,1200 CC Turbo,"1,640,000 EGP",
Kia Grand Cerato 2024,A/T / Highline,1600 CC,"1,649,900 EGP",
Peugeot 508 2023,A/T / GT Line,1600 CC Turbo,"1,649,990 EGP","2,250,000 EGP"
Seat Leon 2024,A/T / FR,1400 CC Turbo,"1,650,000 EGP",
Baic X7 2024,A/T / Premium,1500 CC Turbo,"1,650,000 EGP",
Renault Megane 2023,A/T / Signature + Turbo,1300 CC Turbo,"1,650,000 EGP",
Audi A4 2023,A/T / Smart,2000 CC,error Car not available,
Jetour Dashing 2024,A/T / Luxury,1600 CC Turbo,"1,659,000 EGP",
Geely Cool Ray 2024 Facelift,A/T / Sport +(AUTO MOBILITY),1500 CC Turbo,"1,659,900 EGP",
Geely Cool Ray 2024 Facelift,A/T / Special Edition / (Abou Ghaly),1500 CC Turbo,"1,659,900 EGP",
Peugeot 508 2023,A/T / GT Line Red Interior,1600 CC Turbo,"1,659,990 EGP",
Mercedes B 200 2023,A/T / SPORTS TOURER,1300 CC Turbo,"1,675,000 EGP",
Seat Ateca 2023,A/T / Style Plus,1400 CC Turbo,"1,675,000 EGP",
Mitsubishi Eclipse Cross 2024,A/T / Insport GLX,1500 CC Turbo,"1,675,000 EGP",
BMW 118 2023,A/T / sport line,1500 CC Turbo,"1,680,000 EGP",
Ds Ds4 2023,A/T / Performance Line,1600 CC Turbo,"1,680,000 EGP",
Peugeot 3008 2023,A/T / GT,1600 CC Turbo,"1,689,990 EGP",
Leapmotor C11 2023,Automtic,0 CC,"1,692,000 EGP",
Peugeot 5008 2023,A/T / Allure Pack,1600 CC Turbo,"1,694,990 EGP",
Cupra Leon 2023,Automtic,2000 CC Turbo,"1,695,000 EGP",
Dongfeng Huge 2024,A/T / HUGE-Hybrid,1500 CC Turbo,"1,695,000 EGP",
Land Rover Velar 2021,A/T / P250 R Dynamic SE,2000 CC Turbo,error Car not available,
KGM (ssangyong) Torres 2024,Automtic /advanced,1500 CC Turbo,"1,699,000 EGP",
Geely Geometry C 2024 Facelift,A/T / Gf / (Abou Ghaly),0 CC,"1,699,900 EGP",
Peugeot 3008 2023,A/T / GT Red interior,1600 CC Turbo,"1,699,990 EGP",
Land Rover Discovery 2021,Automtic,2000 CC Turbo,error Car not available,
Skoda Superb 2023,A/T / Ambition,1400 CC Turbo,"1,700,000 EGP",
Seat Tarraco 2023,A/T / STYLE PLUS,1400 CC Turbo,"1,700,000 EGP",
Citroën C5 Aircross 2024,A/T / Live,1600 CC Turbo,"1,700,000 EGP",
Porsche Cayman S 2020,manual‏ / 718,2500 CC Turbo,"1,715,000 EGP",
BMW X2 2023,A/T / M SPORT X,1500 CC Turbo,"1,725,000 EGP",
Jetour X90 Plus 2024,A/T / Luxury,1600 CC Turbo,"1,734,000 EGP","1,844,000 EGP"
Mitsubishi Eclipse Cross 2024,A/T / Inspire GLS,1500 CC Turbo,"1,740,000 EGP",
Kia Xceed 2024,A/T / Highline,1500 CC Turbo,"1,749,900 EGP",
Opel Mokka 2024,A/T / GS Line,1200 CC Turbo,"1,749,990 EGP",
Peugeot 2008 2024,A/T / GT LINE,1200 CC Turbo,"1,749,990 EGP",
Suzuki Grand vitara 2024,A/T / GLX,1500 CC,"1,750,000 EGP",
Renault Austral 2024,A/T / Evolution,1300 CC Turbo,"1,750,000 EGP",
Toyota Corolla 2024,Automtic / SMART,1600 CC,"1,750,000 EGP",
Mini Country man 2023,A/T / Iconic,1500 CC Turbo,"1,750,000 EGP",
Volkswagen Tiguan 2023,A/T / R-Line,1400 CC Turbo,"1,750,000 EGP",
Suzuki Grand vitara 2024,A/T / GLX,1500 CC,"1,750,000 EGP",
Renault Austral 2024,A/T / Evolution,1300 CC Turbo,"1,750,000 EGP",
Volkswagen Golf 2024,A/T / Life,1400 CC Turbo,"1,775,000 EGP",
Peugeot 408 2023,A/T / GT,1600 CC Turbo,"1,780,000 EGP",
Volkswagen T-Roc 2024,A/T / R-Line,1400 CC Turbo,"1,790,000 EGP",
Mini Country man 2024,A/T / Original,1500 CC Turbo,"1,795,000 EGP",
Geely Geometry C 2024 Facelift,A/T / GF plus / (Abou Ghaly),0 CC,"1,799,900 EGP",
Mini Cooper 2024,A/T / 3-Door Original,1500 CC Turbo,"1,800,000 EGP",
Seat Tarraco 2023,A/T / Experience,1400 CC Turbo,"1,800,000 EGP",
Mitsubishi Eclipse Cross 2024,A/T / Instyle GLS,1500 CC Turbo,"1,800,000 EGP",
BMW 218 i 2023,A/T / ADVANTAGE,1500 CC Turbo,"1,800,000 EGP",
Suzuki Grand vitara 2024,A/T / GLX 2 Tone,1500 CC,"1,800,000 EGP",
Toyota Corolla 2024,Automatic / SMART / Sun Roof,1600 CC,"1,800,000 EGP",
Porsche Boxster S 2020,M/T / 718,2500 CC,"1,800,000 EGP",
Peugeot 508 2023,A/T / GT MAX,1600 CC Turbo,"1,809,990 EGP",
Peugeot 508 2023,A/T / GT MAX Red Interior,1600 CC Turbo,"1,819,990 EGP",
Mini Mini Cooper S 2023,A/T / S 3-Door Iconic,2000 CC Turbo,"1,830,000 EGP",
Kia Xceed 2024,A/T / Highline / Panorama,1500 CC Turbo,"1,839,900 EGP",
Toyota Corolla 2024,Automatic / Elgance,1600 CC,"1,850,000 EGP",
Renault Austral 2024,A/T / Techno,1300 CC Turbo,"1,850,000 EGP",
Skoda Octavia A8 2023,Automtic / RS,2000 CC Turbo,"1,850,000 EGP",
Audi A4 2023,A/T / S Line Plus,2000 CC,error Car not available,
Peugeot 5008 2023,A/T / GT,1600 CC Turbo,"1,859,990 EGP",
Citroën C5 Aircross 2024,A/T / FEEL / with out sunroof,1600 CC Turbo,"1,865,000 EGP",
Peugeot 5008 2023,A/T / GT Red interior,1600 CC Turbo,"1,869,990 EGP",
BMW 218 i 2023,A/T / Sport Line,1500 CC Turbo,"1,870,000 EGP",
Mitsubishi Eclipse Cross 2024,A/T / GLX 4WD,1500 CC Turbo,"1,870,000 EGP","1,900,000 EGP To 2,250,000 EGP"
Geely Okavango 2024,A/T /Premium / (Abou Ghaly),1500 CC Turbo,"1,879,900 EGP",
Geely Okavango 2024,A/T / Premium (AUTO MOBILITY),1500 CC Turbo,"1,879,900 EGP",
Mini Mini Cooper S 2023,A/T / S 3-Door Resolute,2000 CC Turbo,"1,880,000 EGP",
Jaguar F-Type 2021,A/T / P300 R Dynamic Convertiblery,2000 CC Turbo,error Car not available,
KGM (ssangyong) Torres 2024,Automtic /luxury,1500 CC Turbo,"1,899,000 EGP",
Land Rover Velar 2021,A/T / P250 R Dynamic HSE,2000 CC Turbo,error Car not available,
Skoda Octavia A8 2024,A/T / Ambition,1400 CC Turbo,"1,900,000 EGP",
Skoda Kodiaq 2023,A/T / Ambition,1400 CC Turbo,"1,925,000 EGP",
Citroën C5 Aircross 2024,A/T / Feel with sunroof,1600 CC Turbo,"1,940,000 EGP",
Mercedes CLA 200 2023,A/T / Coupe Progressive,1300 CC Turbo,"1,943,000 EGP","2,600,000 EGP To 3,900,000 EGP"
Kia Xceed 2024,A/T / Top Line / Panorama,1500 CC Turbo,"1,949,900 EGP",
Opel Grandland 2024,A/T / Highline +,1600 CC Turbo,"1,949,990 EGP",
Cupra Leon 2024,Automtic,2000 CC Turbo,"1,950,000 EGP",
Cupra Formentor 2023,Automtic,2000 CC Turbo,"1,950,000 EGP",
Renault Austral 2024,A/T / Iconic,1300 CC Turbo,"1,950,000 EGP",
Peugeot 3008 2024,A/T / Active Pack,1600 CC Turbo,"1,959,990 EGP",
Mini Country man 2024,A/T / Iconic,1500 CC Turbo,"1,960,000 EGP",
Mini Cooper 2024,A/T / 3-Door Iconic,1500 CC Turbo,"1,980,000 EGP",
Maserati Ghibli 2021,A/T / Standard,2000 CC Turbo,"1,990,000 EGP",
Seat Ateca 2024,A/T / Style Plus,1400 CC Turbo,"1,990,000 EGP","2,450,000 EGP"
Land Rover Range Rover 2021,A/T / P300 HSE,2000 CC Turbo,error Car not available,
Land Rover Range Rover Sport 2020,Automtic,2000 CC,"1,999,000 EGP",
KGM (ssangyong) Torres 2024,Automtic /adventure,1500 CC Turbo,"1,999,000 EGP",
Land Rover Range Rover Sport 2020,Automtic,2000 CC,"1,999,000 EGP",
Kia Sportage 2024,A/T / GT-Line,1600 CC Turbo,error Car not available,
Skoda Kodiaq 2023,A/T / Style,1400 CC Turbo,"2,000,000 EGP",
BMW X1 2023,A/T / X Line,1500 CC Turbo,"2,000,000 EGP",
Audi A5 2023,A/T / S-Line,2000 CC Turbo,error Car not available,
BMW 218 i 2023,A/T / M SPORT,1500 CC Turbo,"2,000,000 EGP",
Mercedes GLA 2023,A/T / 200 Progressive,1400 CC Turbo,"2,025,000 EGP",
Land Rover Defender 2021,A/T / P400,3000 CC Turbo,error Car not available,
Peugeot 408 2024,A/T / ALLURE,1600 CC Turbo,"2,049,990 EGP",
Skoda Kodiaq 2023,A/T / SPORT LINE,1400 CC Turbo,"2,050,000 EGP",
Mini Cooper 2024,A/T / 5Door Iconic,1500 CC Turbo,"2,050,000 EGP",
Renault Austral 2024,A/T / Esprit Alpine,1300 CC Turbo,"2,050,000 EGP",
Toyota Fortuner 2023,A/T / SMART,2700 CC,"2,050,000 EGP",
Citroën C5 Aircross 2024,A/T / SHINE,1600 CC Turbo,"2,060,000 EGP",
Renault Austral 2024,A/T / Esprit Alpine / B/E,1300 CC Turbo,"2,060,000 EGP",
Opel Grandland 2024,A/T / Top Line,1600 CC Turbo,"2,074,990 EGP",
Kia Sportage 2024,A/T / LX,1600 CC Turbo,"2,099,900 EGP",
Peugeot 3008 2024,A/T / Allure Pack,1600 CC Turbo,"2,099,990 EGP","2,550,000 EGP"
Audi Q3 2023,A/T / Sport back,2000 CC Turbo,error Car not available,
Peugeot 408 2024,A/T / ALLURE PACK,1600 CC Turbo,"2,109,990 EGP",
Porsche Boxster 2020,manual‏ / 718 GTS,4000 CC,"2,135,000 EGP",
Volvo XC 40 2023,A/T / Core,2000 CC Turbo,"2,150,000 EGP",
Mini Country man 2023,A/T / S Iconic,2000 CC Turbo,"2,150,000 EGP",
Skoda Kodiaq 2023,A/T / L&K,1400 CC Turbo,"2,150,000 EGP",
Skoda Octavia A8 2024,A/T / Style,1400 CC Turbo,"2,150,000 EGP",
BMW 320 2023,A/T / Advantage,1600 CC Turbo,"2,150,000 EGP",
Nissan XTrail 2024,A/T / Acenta 2WD,1500 CC Turbo,"2,199,900 EGP",
BMW X1 2023,A/T / M Sport,1500 CC Turbo,"2,200,000 EGP",
BMW 118 2024,A/T / sport line,1500 CC Turbo,"2,200,000 EGP",
Peugeot 5008 2024,A/T / Active Pack,1600 CC Turbo,"2,209,990 EGP",
Kia Sportage 2024,A/T / EX,1600 CC Turbo,"2,249,900 EGP",
Peugeot 3008 2024,A/T / GT,1600 CC Turbo,"2,269,990 EGP",
Peugeot 3008 2024,A/T / GT Red interior,1600 CC Turbo,"2,279,990 EGP",
Mercedes C 180 2023,A/T / Avantgarde plus,1500 CC Turbo,"2,280,000 EGP",
BMW 320 2023,A/T / Luxury,1600 CC Turbo,"2,300,000 EGP",
Mini Country man 2024 New Generation,A/T / C,1500 CC Turbo,error Car not available,
Peugeot 5008 2024,A/T / Allure Pack,1600 CC Turbo,"2,349,990 EGP",
Peugeot 408 2024,A/T / GT,1600 CC Turbo,"2,349,990 EGP",
Toyota Fortuner 2023,Automtic / ELEGANCE,4000 CC,"2,350,000 EGP",
Mercedes C 180 2023,A/T / Sport,1500 CC Turbo,"2,350,000 EGP",
Volkswagen Tiguan 2024,A/T / R-Line,1400 CC Turbo,"2,390,000 EGP","2,540,000 EGP To 2,840,000 EGP"
Land Rover Discovery 2021,A/T / Luxury,3000 CC Turbo,error Car not available,
Seat Tarraco 2024,A/T / Experience,1400 CC Turbo,"2,400,000 EGP",
BMW 320 2023,A/T / Sport,1600 CC Turbo,"2,400,000 EGP",
Volvo XC 40 2023,A/T / Ultimate Dark,2000 CC Turbo,"2,400,000 EGP",
BMW 218 i 2024,A/T / Sport Line,1500 CC Turbo,"2,400,000 EGP",
Skoda Octavia A8 2024,A/T / Style Plus,1400 CC Turbo,"2,400,000 EGP",
Maserati Ghibli 2019,Automatic,3000 CC,"2,400,000 EGP",
Porsche Cayman 2020,manual‏ / 718 GT4,4000 CC Turbo,"2,405,000 EGP",
Mini Country man 2024,A/T / S Iconic,2000 CC Turbo,"2,410,000 EGP",
Mini Mini Cooper S 2024,A/T / S 3-Door Iconic,2000 CC Turbo,"2,420,000 EGP",
Kia Sportage 2024,A/T / Highline,1600 CC Turbo,"2,449,900 EGP","2,700,000 EGP"
Toyota Fortuner 2023,A/T / Sport,4000 CC,"2,450,000 EGP",
Subaru XV Crosstrek 2024,Automtic,2000 CC,"2,495,000 EGP",
Nissan XTrail 2024,A/T / E-4orce Tekna,1500 CC Turbo,"2,499,900 EGP",
Lexus ES 350 2020,Automtic,3500 CC,"2,500,000 EGP",
Peugeot 5008 2024,A/T / GT,1600 CC Turbo,"2,519,990 EGP",
Peugeot 5008 2024,A/T / GT Red interior,1600 CC Turbo,"2,529,990 EGP",
Mini Country man 2024 New Generation,A/T / S ALL4,2000 CC Turbo,error Car not available,
Cupra Formentor 2024,Automtic,2000 CC Turbo,"2,550,000 EGP",
Lexus Rx 2020,A/T / 350 RX1,3500 CC,"2,550,000 EGP",
Kia Sportage 2024,A/T / Top Line,1600 CC Turbo,"2,599,900 EGP","3,220,000 EGP"
BMW 218 i 2024,A/T / M SPORT,1500 CC Turbo,"2,600,000 EGP",
Maserati Ghibli 2019,Automatic / S,3000 CC,"2,600,000 EGP",
Mini Country man 2024 New Generation,A/T / JCW ALL 4,1500 CC Turbo,error Car not available,
Seat Tarraco 2024,A/T / FR,1400 CC Turbo,"2,600,000 EGP",
Maserati Levante 2019,Automatic,3000 CC,"2,600,000 EGP",
BMW 520 2023,A/T / Advantage,1600 CC Turbo,"2,600,000 EGP","3,900,000 EGP"
Porsche Macan 2023,Automtic,2000 CC Turbo,"2,635,000 EGP",
Kia Sportage 2024,A/T / Special Edition,1600 CC Turbo,"2,649,900 EGP",
Audi A6 2023,A/T / S Line,2000 CC,error Car not available,
Lexus ES 350 2020,Automtic,3500 CC,"2,650,000 EGP",
Alfa Romeo Tonale 2024,A/T / TI,2000 CC Turbo,"2,690,000 EGP",
Subaru Forester 2024,Automtic,2000 CC,"2,695,000 EGP",
Kia Sportage 2024,A/T / GT,1600 CC Turbo,"2,699,900 EGP",
Mercedes C 200 2023,A/T / Sport,1500 CC Turbo,"2,705,000 EGP","4,450,000 EGP"
BMW IX1 2023,A/T / Elc,0 CC,"2,750,000 EGP",
BMW X1 2024,A/T / X Line,1500 CC Turbo,"2,750,000 EGP",
Porsche Macan 2023,A/T / T,2000 CC Turbo,"2,755,900 EGP",
BMW 420 2023,A/T / GC,2000 CC Turbo,"2,850,000 EGP",
BMW 520 2023,A/T / Luxury,1600 CC Turbo,"2,900,000 EGP","4,450,000 EGP"
BMW 320 2024,A/T / Advantage,1600 CC Turbo,"2,900,000 EGP",
Alfa Romeo Tonale 2024,A/T / Veloce,2000 CC Turbo,"2,950,000 EGP",
Mercedes E 200 2023,A/T / PREMIUM,2000 CC Turbo,"2,950,000 EGP",
Maserati Levante 2019,Automatic / S,3000 CC,"2,950,000 EGP",
Skoda Kodiaq 2024,A/T / Ambition,1400 CC Turbo,"2,950,000 EGP","3,000,000 EGP"
Lexus Rx 2020,A/T / 350 RX2,3500 CC,"2,950,000 EGP",
Skoda Octavia A8 2024,Automtic / RS,2000 CC Turbo,"3,000,000 EGP",
Toyota Fortuner 2024,A/T / SMART,2700 CC,"3,000,000 EGP",
Volvo XC60 2023,A/T / Core FWD,2000 CC Turbo,"3,000,000 EGP",
Maserati Quattroporte 2019,Automtic,3000 CC,"3,000,000 EGP",
Porsche 718 2023,A/T / Cayman,2000 CC Turbo,"3,019,400 EGP",
Lexus Rx 2020,A/T / 350 RX3,3500 CC,"3,050,000 EGP",
BMW 218 i 2023,A/T / M235I xDRIVE,2000 CC Turbo,"3,050,000 EGP",
Alfa Romeo Giulia 2024,AT / sprint,2000 CC Turbo,"3,050,000 EGP",
Audi Q7 2023,Automtic,2000 CC Turbo,error Car not available,"6,155,000 EGP"
BMW 320 2023,A/T / 330 M SPORT,2000 CC Turbo,"3,100,000 EGP",
BMW 320 2024,A/T / Luxury,1600 CC Turbo,"3,100,000 EGP",
BMW X1 2024,A/T / M Sport,1500 CC Turbo,"3,100,000 EGP",
Skoda Kodiaq 2024,A/T / Style,1400 CC Turbo,"3,150,000 EGP",
Porsche 718 2023,A/T / Boxster,2000 CC Turbo,"3,171,300 EGP",
Land Rover Range Rover Sport 2020,A/T / HSE Dynamic,3000 CC,"3,200,000 EGP",
BMW 420 2023,A/T / i4 e40 GC,3000 CC Turbo,"3,200,000 EGP",
BMW 420 2023,A/T / CONV.M SPORT,2000 CC Turbo,"3,250,000 EGP",
Porsche Macan 2023,A/T / S,2900 CC Turbo,"3,295,300 EGP",
Toyota Fortuner 2024,Automtic / ELEGANCE,4000 CC,"3,300,000 EGP","4,000,000 EGP"
Porsche 718 2023,A/T / Cayman Style Edition,2000 CC Turbo,"3,301,500 EGP",
Mini Country man 2024 New Generation,A/T / E,0 CC,error Car not available,
Mercedes E 200 2023,A/T / AVANTGARDE,2000 CC Turbo,"3,350,000 EGP",
BMW 320 2024,A/T / Sport,1600 CC Turbo,"3,350,000 EGP",
BMW 218 i 2024,A/T / M235I xDRIVE,2000 CC Turbo,"3,350,000 EGP",
Alfa Romeo Giulia 2024,A/T / Veloce,2000 CC Turbo,"3,375,000 EGP",
Volvo XC60 2023,A/T / plus Bright AWD,2000 CC Turbo,"3,375,000 EGP",
Land Rover Range Rover Vogue 2020,Automtic,3000 CC,"3,390,000 EGP",
Skoda Kodiaq 2024,A/T / SPORT LINE,1400 CC Turbo,"3,400,000 EGP","3,850,000 EGP"
Porsche 718 2023,A/T / Boxster Style Edition,2000 CC Turbo,"3,453,400 EGP",
Toyota Fortuner 2024,A/T / Sport,4000 CC,"3,500,000 EGP","4,150,000 EGP"
Nissan Patrol 2022,Automatic / Full option,5600 CC,error Car not available,
Porsche 718 2023,A/T / Cayman S,2500 CC Turbo,"3,526,126 EGP",
Land Rover Range Rover Sport 2020,A/T / Autobiography Dynamic,3000 CC,"3,550,000 EGP",
Land Rover Range Rover Vogue 2020,Automtic / LWB,3000 CC,"3,550,000 EGP",
Porsche 718 2023,A/T / Boxster S,2500 CC Turbo,"3,552,600 EGP",
Alfa Romeo Stelvio 2024,A/T / Sprint,2000 CC Turbo,"3,600,000 EGP",
Mercedes GLC 200 AMG Imported 2023,Automtic,2000 CC Turbo,"3,600,000 EGP",
BMW 520 2023,A/T / 530I Luxury,2000 CC Turbo,"3,600,000 EGP",
Volvo XC60 2023,A/T / Ultimate Dark AWD,2000 CC Turbo,"3,600,000 EGP",
BMW IX1 2024,A/T / Elc,0 CC,"3,600,000 EGP",
BMW X3 2023,A/T / xDrive30i xLine,2000 CC Turbo,"3,600,000 EGP",
BMW 420 2024,A/T / GC,2000 CC Turbo,"3,700,000 EGP",
Kia Sorento 2023,A/T / Top Line,0 CC,"3,749,900 EGP",
Maserati Quattroporte 2019,Automtic / S,3000 CC,"3,750,000 EGP",
Mercedes E 200 2023,A/T / AMG,2000 CC Turbo,"3,750,000 EGP",
Porsche Macan 2023,A/T / GTS,2900 CC Turbo,"3,834,700 EGP",
BMW X4 2023,A/T / xDrive 30i xLine,2000 CC Turbo,"3,850,000 EGP",
Audi Q8 2023,A/T / S Line,3000 CC Turbo,error Car not available,
Maserati Grecale 2023,A/T / GT,2000 CC Turbo,"3,850,000 EGP",
Porsche Taycan 2023,Automtic,0 CC Turbo,"3,875,000 EGP",
Volvo XC90 2023,A/T / Core,2000 CC Turbo,"3,900,000 EGP",
Mercedes E 300 2023,A/T / EXCLUSIVE,2000 CC Turbo,"3,950,000 EGP",
Land Rover Range Rover Vogue 2020,A/T / LWB,3000 CC,"3,990,000 EGP",
Alfa Romeo Stelvio 2024,A/T / Veloce,2000 CC Turbo,"3,995,000 EGP",
Audi Q8 2023,A/T / S Line Plus,3000 CC Turbo,error Car not available,
BMW 320 2024,A/T / 330 M SPORT,2000 CC Turbo,"4,100,000 EGP",
Land Rover Range Rover Sport 2020,A/T / Autobiography,3000 CC,"4,100,000 EGP",
BMW 320 2023,A/T / m340i xdrive,3000 CC Turbo,"4,200,000 EGP",
Volvo XC90 2023,A/T / plus Bright,2000 CC Turbo,"4,250,000 EGP",
BMW I4 2024,A/T / i4 e40 GC,0 CC Turbo,"4,300,000 EGP",
Porsche Taycan 2023,A/T / 4 Cross Turismo,0 CC,"4,340,000 EGP",
BMW 420 2024,A/T / CONV.M SPORT,2000 CC Turbo,"4,350,000 EGP",
Maserati Grecale 2023,A/T / Modena,2000 CC Turbo,"4,350,000 EGP",
Porsche Cayenne 2023,Automatic,3000 CC Turbo,"4,448,500 EGP",
Porsche 718 2023,A/T / Cayman GTS 4.0,4000 CC Turbo,"4,476,400 EGP",
Land Rover Range Rover Sport 2020,A/T / SVR,3000 CC,"4,500,000 EGP",
Volvo XC90 2023,A/T / Ultimate,2000 CC Turbo,"4,550,000 EGP",
BMW IX 2023,A/T / xDrive 40,0 CC,"4,550,000 EGP",
BMW X3 2024,A/T / xDrive30i xLine,2000 CC Turbo,"4,600,000 EGP",
Porsche 718 2023,A/T / Boxster GTS 4.0,4000 CC Turbo,"4,643,800 EGP",
Porsche Taycan 2023,A/T / Taycan 4S,0 CC,"4,643,800 EGP",
Porsche Cayenne 2023,A/T / Coupé,3000 CC Turbo,"4,650,000 EGP",
Mercedes GLE 2023,A/T / 450 4MATIC,3000 CC Turbo,"4,680,000 EGP",
Porsche Taycan 2023,A/T / 4S Cross Turismo,0 CC,"4,696,500 EGP",
Aston Martin Vantage Roadster 2020,Automtic,4000 CC Turbo,"4,750,000 EGP",
BMW X5 2023,A/T / xDrive40i xLine,3000 CC Turbo,"4,800,000 EGP",
Land Rover Range Rover Vogue 2020,A/T / Autobiography,5000 CC,"4,800,000 EGP",
Land Rover Range Rover Vogue 2020,Automtic / Autobiography LWB,5000 CC,"4,950,000 EGP",
Lexus LS 500 2020,Automtic,3500 CC,"5,000,000 EGP",
BMW 420 2023,A/T / M440i xDrive,3000 CC Turbo,"5,040,000 EGP",
Porsche Cayenne 2023,Automtic / s,4000 CC Turbo,"5,040,600 EGP",
BMW X4 2024,A/T / xDrive 30i xLine,2000 CC Turbo,"5,100,000 EGP",
BMW IX 2023,A/T / XDrive 50,0 CC,"5,100,000 EGP",
Lexus LX 570 2020,Automtic,5700 CC,"5,250,000 EGP",
Porsche Cayenne 2023,A/T / S Coupé,4000 CC Turbo,"5,304,100 EGP",
Porsche Taycan 2023,A/T / Taycan GTS,0 CC,"5,350,600 EGP",
Porsche 911 2021,A/T / Turbo S Cabriolet,3800 CC Turbo,"5,470,000 EGP",
Porsche Panamera 2023,A/T,2900 CC Turbo,"5,483,900 EGP",
BMW 320 2024,A/T / m340i xdrive,3000 CC Turbo,"5,500,000 EGP",
Lexus LS 500 2020,Automtic,3500 CC,"5,700,000 EGP",
Porsche Panamera 2023,A/T / 4,2900 CC Turbo,"5,704,000 EGP",
BMW 520 2024,A/T / Luxury,2000 CC Turbo,error Car not available,
BMW X5 2023,A/T / M50i,4400 CC Turbo,"5,900,000 EGP",
Porsche 911 2023,A/T / Carrera,3000 CC Turbo,"5,967,500 EGP",
Mercedes GLS 2023,A/T / 580 class,4000 CC Turbo,"5,980,000 EGP",
Porsche Panamera 2023,A/T / platinum Edition,2900 CC Turbo,"6,076,000 EGP",
BMW X6 M 2023,A/T / M50I,4400 CC Turbo,"6,200,000 EGP",
BMW I5 2024,Automtic,0 CC,error Car not available,
Porsche Panamera 2023,A/T / 4 Executive,2900 CC Turbo,"6,240,300 EGP",
Lexus LS 500 2020,Automtic,3500 CC,"6,250,000 EGP",
Porsche Panamera 2023,A/T / 4 platinum Edition,2900 CC Turbo,"6,274,400 EGP",
Porsche 911 2023,Automtic / Carrera 4,3000 CC Turbo,"6,355,000 EGP",
BMW IX 2024,A/T / xDrive 40,0 CC,"6,420,000 EGP",
Porsche Taycan 2023,A/T / Taycan Turbo,0 CC,"6,423,200 EGP",
Porsche Panamera 2023,A/T / 4 E-Hybrid,2900 CC Turbo,"6,426,300 EGP",
Porsche Taycan 2023,A/T / Turbo Cross Turismo,0 CC,"6,485,200 EGP",
Porsche 911 2023,A/T / Carrera T,3000 CC Turbo,"6,503,800 EGP",
Porsche 911 2023,A/T / Carrera Cabriolet,3000 CC Turbo,"6,578,200 EGP",
BMW 320 2023,A/T / M3,3000 CC Turbo,"6,600,000 EGP",
BMW 420 2023,A/T / M4,3000 CC Turbo,"6,660,000 EGP",
Mercedes AMG GT 2022,A/T / 53 4M+4DOOR COUPE AMG,3000 CC Turbo,"6,715,000 EGP",
BMW X5 2024,A/T / xDrive40i xLine,3000 CC Turbo,"6,800,000 EGP",
Porsche Panamera 2023,A/T / 4 E-Hybrid platinum Edition,2900 CC Turbo,"6,959,500 EGP",
Porsche Panamera 2023,A/T / 4 E-Hybrid Executive,2900 CC Turbo,"6,965,700 EGP",
Porsche 911 2023,A/T / Carrera 4 Cabriolet,3000 CC Turbo,"6,971,900 EGP",
Porsche Panamera 2023,A/T / 4S E-Hybrid,2900 CC Turbo,"7,077,300 EGP",
BMW IX 2024,A/T / XDrive 50,0 CC,"7,280,000 EGP",
BMW 320 2023,A/T / M3 COMPETITION,3000 CC Turbo,"7,500,000 EGP",
BMW X7 2023,A/T / M50i,4400 CC Turbo,"7,500,000 EGP",
BMW 420 2023,A/T / COMPETITION,3000 CC Turbo,"7,560,000 EGP",
BMW 7 Series 2023,A/T / 740i,3000 CC Turbo,"7,700,000 EGP",
Porsche Panamera 2023,A/T / GTS,4000 CC Turbo,"7,712,800 EGP",
BMW 320 2023,A/T / COMPETITION X Drive,3000 CC Turbo,"7,800,000 EGP",
BMW 420 2023,A/T / COMPETITION X Drive,3000 CC Turbo,"7,860,000 EGP",
BMW 7 Series 2023,A/T / i7 XDrive60,0 CC Turbo,"8,000,000 EGP",
Porsche Taycan 2023,A/T / Turbo S,0 CC,"8,239,800 EGP",
BMW X5 2024,A/T / M60i,4400 CC Turbo,"8,400,000 EGP",
BMW 8 Series 2023,A/T / GC LCI,4400 CC Turbo,"8,400,000 EGP",
BMW 8 Series 2023,A/T / Convertible lCI,4400 CC Turbo,"8,650,000 EGP",
BMW X6 M 2024,A/T / M60I,4400 CC Turbo,"9,000,000 EGP",
BMW 8 Series 2024,A/T / Convertible lCI,4400 CC Turbo,"9,400,000 EGP",
BMW 7 Series 2023,A/T / 760i xDrive,4400 CC Turbo,"9,600,000 EGP",
BMW 8 Series 2024,A/T / GC LCI,4400 CC Turbo,"9,650,000 EGP",
BMW X7 2024,A/T / M60i,4400 CC Turbo,"9,700,000 EGP",
BMW 520 2023,A/T / M5 COMPETITION,4400 CC Turbo,"9,720,000 EGP",
BMW 7 Series 2024,A/T / 740i,3000 CC Turbo,"9,900,000 EGP",
BMW 7 Series 2024,A/T / i7 XDrive60,0 CC Turbo,"10,500,000 EGP",
Porsche Cayenne 2023,A/T / Coupe Turbo GT,4000 CC Turbo,"10,834,500 EGP",
Porsche Panamera 2023,A/T / Turbo S,4000 CC Turbo,"10,961,600 EGP",
Porsche Panamera 2023,A/T / Turbo S E-Hybrid,4000 CC Turbo,"11,435,900 EGP",
BMW 8 Series 2023,A/T / M8,4400 CC Turbo,"11,520,000 EGP",
BMW 7 Series 2024,A/T / 760i xDrive,4400 CC Turbo,"12,500,000 EGP",
